accuracy,precision,recall,f1
0.9763513513513513,0.978494623655914,0.9479166666666666,0.9629629629629629
0.9830508474576272,0.9787234042553191,0.968421052631579,0.9735449735449735
0.9864406779661017,0.9789473684210527,0.9789473684210527,0.9789473684210527
0.9898305084745763,1.0,0.968421052631579,0.983957219251337
0.9864406779661017,0.989247311827957,0.968421052631579,0.9787234042553191
