Language,Accuracy,Precision,Recall,F1
PHP,0.9729272419627749,0.972972972972973,0.972972972972973,0.972972972972973
JSP,0.9366666666666666,0.8725490196078431,0.9368421052631579,0.9035532994923858
