Fold,Accuracy,Precision,Recall,F1
1,0.918918918918919,0.0,0.0,0.8620689655172413
2,0.911864406779661,0.0,0.0,0.8617021276595744
3,0.9050847457627119,0.0,0.0,0.8653846153846154
4,0.9389830508474576,0.0,0.0,0.9032258064516129
5,0.9050847457627119,0.0,0.0,0.8313253012048193
