Language,Accuracy,Precision,Recall,F1
PHP,0.9612794612794613,0.9758620689655172,0.9464882943143813,0.9609507640067911
JSP,0.9540983606557377,0.9574468085106383,0.9,0.9278350515463918
